Date,#,Job ID,Project,Language,Source Language,Connector,Method,Status,Created,Content Add Start,Content Add End,InProgress,ReadyForReview,Approved/Error,Content Gathering (ms),Content Gathering,Created→InProg (ms),Created→InProg,InProg→Ready (ms),InProg→Ready,Ready→Approved (ms),Ready→Approved,Total Duration (ms),Total Duration,Content Objects,Content Size,Errors,Retries,Retry Detail,API Requests,Prompt Tokens,Completion Tokens,Total Tokens,Avg Latency (ms)
2026-04-25,1,translationjob99,Gonzalo Ai Translation Project,DE-DE,es_es,rmcf-ai-translatorion-connector,MACHINE_TRANSLATION,APPROVED,16:08:49.006,16:08:49.042,16:08:49.865,16:08:55.764,16:08:55.844,16:08:56.192,823,0.8s,6758,6.8s,80,0.1s,348,0.3s,7186,7.2s,"page:0, asset:1, contentFragment:1, i18nComponentStringDict:0, assetMetaData:0, tagMetadata:0, tag:0",1,,,,6,10479,2623,13102,4938
2026-04-25,2,translationjob100,Gonzalo Ai Translation Project,PT-PT,es_es,rmcf-ai-translatorion-connector,MACHINE_TRANSLATION,APPROVED,16:08:56.449,16:08:56.473,16:08:57.147,16:09:01.595,16:09:01.714,16:09:01.938,674,0.7s,5146,5.1s,119,0.1s,224,0.2s,5489,5.5s,"page:0, asset:1, contentFragment:1, i18nComponentStringDict:0, assetMetaData:0, tagMetadata:0, tag:0",1,,,,6,10479,2623,13102,4938
2026-04-25,3,translationjob101,Gonzalo Ai Translation Project,EN-US,es_es,rmcf-ai-translatorion-connector,MACHINE_TRANSLATION,APPROVED,16:09:02.336,16:09:02.357,16:09:03.042,16:09:08.130,16:09:08.210,16:09:09.784,685,0.7s,5794,5.8s,80,0.1s,1574,1.6s,7448,7.4s,"page:0, asset:1, contentFragment:1, i18nComponentStringDict:0, assetMetaData:0, tagMetadata:0, tag:0",1,,,,6,10479,2623,13102,4938
2026-04-25,4,translationjob102,Gonzalo Ai Translation Project,AR-AE,es_es,rmcf-ai-translatorion-connector,MACHINE_TRANSLATION,APPROVED,16:09:10.302,16:09:10.328,16:09:11.480,16:09:18.388,16:09:18.653,16:09:22.057,1152,1.2s,8086,8.1s,265,0.3s,3404,3.4s,11755,11.8s,"page:0, asset:1, contentFragment:1, i18nComponentStringDict:0, assetMetaData:0, tagMetadata:0, tag:0",1,,,,6,10479,2623,13102,4938
2026-04-25,5,translationjob103,Gonzalo Ai Translation Project,FR-FR,es_es,rmcf-ai-translatorion-connector,MACHINE_TRANSLATION,APPROVED,16:09:23.158,16:09:23.193,16:09:24.670,16:09:30.416,16:09:30.486,16:09:30.735,1477,1.5s,7258,7.3s,70,0.1s,249,0.2s,7577,7.6s,"page:0, asset:1, contentFragment:1, i18nComponentStringDict:0, assetMetaData:0, tagMetadata:0, tag:0",1,,,,6,10479,2623,13102,4938
2026-04-25,6,translationjob104,Gonzalo Ai Translation Project,JA-JP,es_es,rmcf-ai-translatorion-connector,MACHINE_TRANSLATION,APPROVED,16:09:31.039,16:09:31.068,16:09:31.543,16:09:39.152,16:09:39.207,16:09:39.413,475,0.5s,8113,8.1s,55,0.1s,206,0.2s,8374,8.4s,"page:0, asset:1, contentFragment:1, i18nComponentStringDict:0, assetMetaData:0, tagMetadata:0, tag:0",1,,,,6,10479,2623,13102,4938
2026-04-25,7,translationjob105,Gonzalo Ai Translation Project,DE-DE,es_es,rmcf-ai-translatorion-connector,MACHINE_TRANSLATION,APPROVED,16:11:35.423,16:11:35.447,16:11:36.113,16:11:42.594,16:11:42.641,16:11:42.834,666,0.7s,7171,7.2s,47,0.0s,193,0.2s,7411,7.4s,"page:0, asset:1, contentFragment:1, i18nComponentStringDict:0, assetMetaData:0, tagMetadata:0, tag:0",1,,,,6,11037,3100,14137,5678
2026-04-25,8,translationjob107,Gonzalo Ai Translation Project,PT-PT,es_es,rmcf-ai-translatorion-connector,MACHINE_TRANSLATION,APPROVED,16:11:43.102,16:11:43.121,16:11:43.562,16:11:48.765,16:11:48.829,16:11:48.987,441,0.4s,5663,5.7s,64,0.1s,158,0.2s,5885,5.9s,"page:0, asset:1, contentFragment:1, i18nComponentStringDict:0, assetMetaData:0, tagMetadata:0, tag:0",1,,,,6,11037,3100,14137,5678
2026-04-25,9,translationjob108,Gonzalo Ai Translation Project,EN-US,es_es,rmcf-ai-translatorion-connector,MACHINE_TRANSLATION,APPROVED,16:11:49.348,16:11:49.367,16:11:49.910,16:11:54.368,16:11:54.417,16:11:54.686,543,0.5s,5020,5.0s,49,0.0s,269,0.3s,5338,5.3s,"page:0, asset:1, contentFragment:1, i18nComponentStringDict:0, assetMetaData:0, tagMetadata:0, tag:0",1,,,,6,11037,3100,14137,5678
2026-04-25,10,translationjob109,Gonzalo Ai Translation Project,AR-AE,es_es,rmcf-ai-translatorion-connector,MACHINE_TRANSLATION,APPROVED,16:11:55.009,16:11:55.029,16:11:55.605,16:12:03.358,16:12:03.407,16:12:03.576,576,0.6s,8349,8.3s,49,0.0s,169,0.2s,8567,8.6s,"page:0, asset:1, contentFragment:1, i18nComponentStringDict:0, assetMetaData:0, tagMetadata:0, tag:0",1,,,,6,11037,3100,14137,5678
2026-04-25,11,translationjob114,Gonzalo Ai Translation Project,FR-FR,es_es,rmcf-ai-translatorion-connector,MACHINE_TRANSLATION,APPROVED,16:12:03.793,16:12:03.818,16:12:04.424,16:12:10.888,16:12:10.946,16:12:11.210,606,0.6s,7095,7.1s,58,0.1s,264,0.3s,7417,7.4s,"page:0, asset:1, contentFragment:1, i18nComponentStringDict:0, assetMetaData:0, tagMetadata:0, tag:0",1,,,,6,11037,3100,14137,5678
2026-04-25,12,translationjob115,Gonzalo Ai Translation Project,JA-JP,es_es,rmcf-ai-translatorion-connector,MACHINE_TRANSLATION,APPROVED,16:12:11.486,16:12:11.505,16:12:11.983,16:12:20.504,16:12:20.557,16:12:20.744,478,0.5s,9018,9.0s,53,0.1s,187,0.2s,9258,9.3s,"page:0, asset:1, contentFragment:1, i18nComponentStringDict:0, assetMetaData:0, tagMetadata:0, tag:0",1,,,,6,11037,3100,14137,5678
2026-04-25,13,translationjob116,Gonzalo Ai Translation Project,DE-DE,es_es,rmcf-ai-translatorion-connector,MACHINE_TRANSLATION,APPROVED,20:22:11.703,20:22:11.723,20:22:12.252,20:22:27.746,20:22:27.792,20:22:28.274,529,0.5s,16043,16.0s,46,0.0s,482,0.5s,16571,16.6s,"page:0, asset:1, contentFragment:1, i18nComponentStringDict:0, assetMetaData:0, tagMetadata:0, tag:0",1,,,,9,25830,13893,39723,9749
2026-04-25,14,translationjob117,Gonzalo Ai Translation Project,PT-PT,es_es,rmcf-ai-translatorion-connector,MACHINE_TRANSLATION,APPROVED,20:22:28.518,20:22:28.541,20:22:29.106,20:22:42.179,20:22:42.237,20:22:42.439,565,0.6s,13661,13.7s,58,0.1s,202,0.2s,13921,13.9s,"page:0, asset:1, contentFragment:1, i18nComponentStringDict:0, assetMetaData:0, tagMetadata:0, tag:0",1,,,,9,25830,13893,39723,9749
2026-04-25,15,translationjob118,Gonzalo Ai Translation Project,DE-DE,es_es,rmcf-ai-translatorion-connector,MACHINE_TRANSLATION,APPROVED,20:22:33.515,20:22:33.532,20:22:34.149,20:22:37.823,20:22:37.868,20:22:38.012,617,0.6s,4308,4.3s,45,0.0s,144,0.1s,4497,4.5s,"page:0, asset:1, contentFragment:1, i18nComponentStringDict:0, assetMetaData:0, tagMetadata:0, tag:0",1,,,,5,9182,2757,11939,3768
2026-04-25,16,translationjob119,Gonzalo Ai Translation Project,PT-PT,es_es,rmcf-ai-translatorion-connector,MACHINE_TRANSLATION,APPROVED,20:22:38.225,20:22:38.249,20:22:38.596,20:22:42.119,20:22:42.169,20:22:42.354,347,0.3s,3894,3.9s,50,0.1s,185,0.2s,4129,4.1s,"page:0, asset:1, contentFragment:1, i18nComponentStringDict:0, assetMetaData:0, tagMetadata:0, tag:0",1,,,,5,9182,2757,11939,3768
2026-04-25,17,translationjob120,Gonzalo Ai Translation Project,EN-US,es_es,rmcf-ai-translatorion-connector,MACHINE_TRANSLATION,APPROVED,20:22:42.803,20:22:42.870,20:22:44.424,20:23:00.700,20:23:00.755,20:23:01.161,1554,1.6s,17897,17.9s,55,0.1s,406,0.4s,18358,18.4s,"page:0, asset:2, contentFragment:2, i18nComponentStringDict:0, assetMetaData:0, tagMetadata:0, tag:0",1,,,,5,9182,2757,11939,3768
2026-04-25,18,translationjob121,Gonzalo Ai Translation Project,AR-AE,es_es,rmcf-ai-translatorion-connector,MACHINE_TRANSLATION,APPROVED,20:22:44.642,20:22:44.660,20:22:45.144,20:22:49.946,20:22:49.990,20:22:50.166,484,0.5s,5304,5.3s,44,0.0s,176,0.2s,5524,5.5s,"page:0, asset:1, contentFragment:1, i18nComponentStringDict:0, assetMetaData:0, tagMetadata:0, tag:0",1,,,,5,9182,2757,11939,3768
2026-04-25,19,translationjob123,Gonzalo Ai Translation Project,FR-FR,es_es,rmcf-ai-translatorion-connector,MACHINE_TRANSLATION,APPROVED,20:22:50.422,20:22:50.437,20:22:51.055,20:22:55.918,20:22:55.984,20:22:56.157,618,0.6s,5496,5.5s,66,0.1s,173,0.2s,5735,5.7s,"page:0, asset:1, contentFragment:1, i18nComponentStringDict:0, assetMetaData:0, tagMetadata:0, tag:0",1,,,,5,9182,2757,11939,3768
2026-04-25,20,translationjob124,Gonzalo Ai Translation Project,JA-JP,es_es,rmcf-ai-translatorion-connector,MACHINE_TRANSLATION,APPROVED,20:22:56.382,20:22:56.397,20:22:56.892,20:23:02.215,20:23:02.766,20:23:02.967,495,0.5s,5833,5.8s,551,0.6s,201,0.2s,6585,6.6s,"page:0, asset:1, contentFragment:1, i18nComponentStringDict:0, assetMetaData:0, tagMetadata:0, tag:0",1,,,,5,9182,2757,11939,3768
2026-04-25,21,translationjob125,Gonzalo Ai Translation Project,AR-AE,es_es,rmcf-ai-translatorion-connector,MACHINE_TRANSLATION,APPROVED,20:23:01.461,20:23:01.485,20:23:02.136,20:23:18.876,20:23:18.938,20:23:19.134,651,0.7s,17415,17.4s,62,0.1s,196,0.2s,17673,17.7s,"page:0, asset:1, contentFragment:1, i18nComponentStringDict:0, assetMetaData:0, tagMetadata:0, tag:0",1,,,,9,25830,13893,39723,9749
2026-04-25,22,translationjob126,Gonzalo Ai Translation Project,FR-FR,es_es,rmcf-ai-translatorion-connector,MACHINE_TRANSLATION,APPROVED,20:23:19.533,20:23:19.552,20:23:20.160,20:23:34.096,20:23:34.256,20:23:34.584,608,0.6s,14563,14.6s,160,0.2s,328,0.3s,15051,15.1s,"page:0, asset:1, contentFragment:1, i18nComponentStringDict:0, assetMetaData:0, tagMetadata:0, tag:0",1,,,,9,25830,13893,39723,9749
2026-04-25,23,translationjob127,Gonzalo Ai Translation Project,JA-JP,es_es,rmcf-ai-translatorion-connector,MACHINE_TRANSLATION,APPROVED,20:23:35.100,20:23:35.120,20:23:35.758,20:23:53.593,20:23:53.767,20:23:54.027,638,0.6s,18493,18.5s,174,0.2s,260,0.3s,18927,18.9s,"page:0, asset:1, contentFragment:1, i18nComponentStringDict:0, assetMetaData:0, tagMetadata:0, tag:0",1,,,,9,25830,13893,39723,9749
2026-04-25,24,translationjob128,Gonzalo Ai Translation Project,DE-DE,es_es,rmcf-ai-translatorion-connector,MACHINE_TRANSLATION,APPROVED,21:22:35.937,21:22:35.953,21:22:39.031,21:22:48.802,21:22:48.840,21:22:49.353,3078,3.1s,12865,12.9s,38,0.0s,513,0.5s,13416,13.4s,"page:0, asset:0, contentFragment:2, i18nComponentStringDict:0, assetMetaData:0, tagMetadata:0, tag:0",1,,,,12,21720,6061,27781,4515
2026-04-25,25,translationjob130,Gonzalo Ai Translation Project,PT-PT,es_es,rmcf-ai-translatorion-connector,MACHINE_TRANSLATION,APPROVED,21:22:50.208,21:22:50.223,21:22:52.640,21:23:00.513,21:23:00.567,21:23:01.207,2417,2.4s,10305,10.3s,54,0.1s,640,0.6s,10999,11.0s,"page:0, asset:0, contentFragment:2, i18nComponentStringDict:0, assetMetaData:0, tagMetadata:0, tag:0",1,,,,12,21720,6061,27781,4515
2026-04-25,26,translationjob131,Gonzalo Ai Translation Project,EN-US,es_es,rmcf-ai-translatorion-connector,MACHINE_TRANSLATION,APPROVED,21:23:01.798,21:23:01.811,21:23:04.325,21:23:12.511,21:23:12.555,21:23:13.156,2514,2.5s,10713,10.7s,44,0.0s,601,0.6s,11358,11.4s,"page:0, asset:0, contentFragment:2, i18nComponentStringDict:0, assetMetaData:0, tagMetadata:0, tag:0",1,,,,12,21720,6061,27781,4515
2026-04-25,27,translationjob133,Gonzalo Ai Translation Project,AR-AE,es_es,rmcf-ai-translatorion-connector,MACHINE_TRANSLATION,APPROVED,21:23:13.802,21:23:13.815,21:23:16.706,21:23:27.574,21:23:27.618,21:23:28.191,2891,2.9s,13772,13.8s,44,0.0s,573,0.6s,14389,14.4s,"page:0, asset:0, contentFragment:2, i18nComponentStringDict:0, assetMetaData:0, tagMetadata:0, tag:0",1,,,,12,21720,6061,27781,4515
2026-04-25,28,translationjob134,Gonzalo Ai Translation Project,FR-FR,es_es,rmcf-ai-translatorion-connector,MACHINE_TRANSLATION,APPROVED,21:23:29.035,21:23:29.058,21:23:31.984,21:23:41.718,21:23:41.759,21:23:42.465,2926,2.9s,12683,12.7s,41,0.0s,706,0.7s,13430,13.4s,"page:0, asset:0, contentFragment:2, i18nComponentStringDict:0, assetMetaData:0, tagMetadata:0, tag:0",1,,,,12,21720,6061,27781,4515
2026-04-25,29,translationjob136,Gonzalo Ai Translation Project,JA-JP,es_es,rmcf-ai-translatorion-connector,MACHINE_TRANSLATION,APPROVED,21:23:43.086,21:23:43.099,21:23:45.884,21:23:59.060,21:23:59.102,21:23:59.760,2785,2.8s,15974,16.0s,42,0.0s,658,0.7s,16674,16.7s,"page:0, asset:0, contentFragment:2, i18nComponentStringDict:0, assetMetaData:0, tagMetadata:0, tag:0",1,,,,12,21720,6061,27781,4515
2026-04-25,30,translationjob138,Gonzalo Ai Translation Project,DE-DE,es_es,rmcf-ai-translatorion-connector,MACHINE_TRANSLATION,APPROVED,21:45:17.436,21:45:17.454,21:45:17.964,21:45:27.830,21:45:27.914,21:45:28.016,510,0.5s,10394,10.4s,84,0.1s,102,0.1s,10580,10.6s,"page:0, asset:0, contentFragment:1, i18nComponentStringDict:0, assetMetaData:0, tagMetadata:0, tag:0",1,,,,6,14049,6172,20221,8472
2026-04-25,31,translationjob139,Gonzalo Ai Translation Project,PT-PT,es_es,rmcf-ai-translatorion-connector,MACHINE_TRANSLATION,APPROVED,21:45:28.499,21:45:28.529,21:45:28.770,21:45:36.895,21:45:37.027,21:45:37.251,241,0.2s,8396,8.4s,132,0.1s,224,0.2s,8752,8.8s,"page:0, asset:0, contentFragment:1, i18nComponentStringDict:0, assetMetaData:0, tagMetadata:0, tag:0",1,,,,6,14049,6172,20221,8472
2026-04-25,32,translationjob145,Gonzalo Ai Translation Project,EN-US,es_es,rmcf-ai-translatorion-connector,MACHINE_TRANSLATION,APPROVED,21:45:37.666,21:45:37.693,21:45:38.521,21:45:45.863,21:45:45.971,21:45:46.103,828,0.8s,8197,8.2s,108,0.1s,132,0.1s,8437,8.4s,"page:0, asset:0, contentFragment:1, i18nComponentStringDict:0, assetMetaData:0, tagMetadata:0, tag:0",1,,,,6,14049,6172,20221,8472
2026-04-25,33,translationjob147,Gonzalo Ai Translation Project,AR-AE,es_es,rmcf-ai-translatorion-connector,MACHINE_TRANSLATION,APPROVED,21:45:46.629,21:45:46.698,21:45:47.060,21:45:56.151,21:45:56.288,21:45:56.549,362,0.4s,9522,9.5s,137,0.1s,261,0.3s,9920,9.9s,"page:0, asset:0, contentFragment:1, i18nComponentStringDict:0, assetMetaData:0, tagMetadata:0, tag:0",1,,,,6,14049,6172,20221,8472
2026-04-25,34,translationjob149,Gonzalo Ai Translation Project,FR-FR,es_es,rmcf-ai-translatorion-connector,MACHINE_TRANSLATION,APPROVED,21:45:56.830,21:45:56.852,21:45:57.189,21:46:07.164,21:46:07.288,21:46:07.445,337,0.3s,10334,10.3s,124,0.1s,157,0.2s,10615,10.6s,"page:0, asset:0, contentFragment:1, i18nComponentStringDict:0, assetMetaData:0, tagMetadata:0, tag:0",1,,,,6,14049,6172,20221,8472
2026-04-25,35,translationjob150,Gonzalo Ai Translation Project,JA-JP,es_es,rmcf-ai-translatorion-connector,MACHINE_TRANSLATION,APPROVED,21:46:07.885,21:46:07.944,21:46:08.464,21:46:19.075,21:46:19.122,21:46:19.227,520,0.5s,11190,11.2s,47,0.0s,105,0.1s,11342,11.3s,"page:0, asset:0, contentFragment:1, i18nComponentStringDict:0, assetMetaData:0, tagMetadata:0, tag:0",1,,,,6,14049,6172,20221,8472
2026-04-25,36,translationjob151,Gonzalo Ai Translation Project,DE-DE,es_es,rmcf-ai-translatorion-connector,MACHINE_TRANSLATION,APPROVED,22:19:25.872,22:19:25.888,22:19:26.112,22:19:30.300,22:19:30.341,22:19:30.423,224,0.2s,4428,4.4s,41,0.0s,82,0.1s,4551,4.6s,"page:0, asset:0, contentFragment:1, i18nComponentStringDict:0, assetMetaData:0, tagMetadata:0, tag:0",1,,,,6,9915,1957,11872,3639
2026-04-25,37,translationjob152,Gonzalo Ai Translation Project,PT-PT,es_es,rmcf-ai-translatorion-connector,MACHINE_TRANSLATION,APPROVED,22:19:30.665,22:19:30.681,22:19:30.854,22:19:34.119,22:19:34.169,22:19:34.244,173,0.2s,3454,3.5s,50,0.1s,75,0.1s,3579,3.6s,"page:0, asset:0, contentFragment:1, i18nComponentStringDict:0, assetMetaData:0, tagMetadata:0, tag:0",1,,,,6,9915,1957,11872,3639
2026-04-25,38,translationjob153,Gonzalo Ai Translation Project,EN-US,es_es,rmcf-ai-translatorion-connector,MACHINE_TRANSLATION,APPROVED,22:19:34.454,22:19:34.468,22:19:34.734,22:19:37.369,22:19:37.411,22:19:37.532,266,0.3s,2915,2.9s,42,0.0s,121,0.1s,3078,3.1s,"page:0, asset:0, contentFragment:1, i18nComponentStringDict:0, assetMetaData:0, tagMetadata:0, tag:0",1,,,,6,9915,1957,11872,3639
2026-04-25,39,translationjob154,Gonzalo Ai Translation Project,AR-AE,es_es,rmcf-ai-translatorion-connector,MACHINE_TRANSLATION,APPROVED,22:19:37.921,22:19:37.942,22:19:38.256,22:19:44.947,22:19:44.985,22:19:45.066,314,0.3s,7026,7.0s,38,0.0s,81,0.1s,7145,7.1s,"page:0, asset:0, contentFragment:1, i18nComponentStringDict:0, assetMetaData:0, tagMetadata:0, tag:0",1,,,,6,9915,1957,11872,3639
2026-04-25,40,translationjob155,Gonzalo Ai Translation Project,DE-DE,es_es,rmcf-ai-translatorion-connector,MACHINE_TRANSLATION,APPROVED,22:19:43.401,22:19:43.415,22:19:43.623,22:19:48.957,22:19:49.002,22:19:49.102,208,0.2s,5556,5.6s,45,0.0s,100,0.1s,5701,5.7s,"page:0, asset:0, contentFragment:1, i18nComponentStringDict:0, assetMetaData:0, tagMetadata:0, tag:0",1,,,,6,11433,3476,14909,6268
2026-04-25,41,translationjob156,Gonzalo Ai Translation Project,FR-FR,es_es,rmcf-ai-translatorion-connector,MACHINE_TRANSLATION,APPROVED,22:19:45.280,22:19:45.292,22:19:45.454,22:19:48.745,22:19:48.790,22:19:48.850,162,0.2s,3465,3.5s,45,0.0s,60,0.1s,3570,3.6s,"page:0, asset:0, contentFragment:1, i18nComponentStringDict:0, assetMetaData:0, tagMetadata:0, tag:0",1,,,,6,9915,1957,11872,3639
2026-04-25,42,translationjob157,Gonzalo Ai Translation Project,JA-JP,es_es,rmcf-ai-translatorion-connector,MACHINE_TRANSLATION,APPROVED,22:19:49.102,22:19:49.121,22:19:49.339,22:19:54.437,22:19:54.472,22:19:54.541,218,0.2s,5335,5.3s,35,0.0s,69,0.1s,5439,5.4s,"page:0, asset:0, contentFragment:1, i18nComponentStringDict:0, assetMetaData:0, tagMetadata:0, tag:0",1,,,,6,9915,1957,11872,3639
2026-04-25,43,translationjob158,Gonzalo Ai Translation Project,PT-PT,es_es,rmcf-ai-translatorion-connector,MACHINE_TRANSLATION,APPROVED,22:19:49.339,22:19:49.403,22:19:49.602,22:19:53.337,22:19:53.379,22:19:53.441,199,0.2s,3998,4.0s,42,0.0s,62,0.1s,4102,4.1s,"page:0, asset:0, contentFragment:1, i18nComponentStringDict:0, assetMetaData:0, tagMetadata:0, tag:0",1,,,,6,11433,3476,14909,6268
2026-04-25,44,translationjob159,Gonzalo Ai Translation Project,EN-US,es_es,rmcf-ai-translatorion-connector,MACHINE_TRANSLATION,APPROVED,22:19:53.673,22:19:53.687,22:19:53.874,22:19:58.187,22:19:58.225,22:19:58.287,187,0.2s,4514,4.5s,38,0.0s,62,0.1s,4614,4.6s,"page:0, asset:0, contentFragment:1, i18nComponentStringDict:0, assetMetaData:0, tagMetadata:0, tag:0",1,,,,6,11433,3476,14909,6268
2026-04-25,45,translationjob160,Gonzalo Ai Translation Project,AR-AE,es_es,rmcf-ai-translatorion-connector,MACHINE_TRANSLATION,APPROVED,22:19:58.544,22:19:58.559,22:19:58.773,22:20:03.917,22:20:03.957,22:20:04.029,214,0.2s,5373,5.4s,40,0.0s,72,0.1s,5485,5.5s,"page:0, asset:0, contentFragment:1, i18nComponentStringDict:0, assetMetaData:0, tagMetadata:0, tag:0",1,,,,6,11433,3476,14909,6268
2026-04-25,46,translationjob161,Gonzalo Ai Translation Project,FR-FR,es_es,rmcf-ai-translatorion-connector,MACHINE_TRANSLATION,APPROVED,22:20:04.480,22:20:04.496,22:20:04.702,22:20:21.702,22:20:21.748,22:20:21.810,206,0.2s,17222,17.2s,46,0.0s,62,0.1s,17330,17.3s,"page:0, asset:0, contentFragment:1, i18nComponentStringDict:0, assetMetaData:0, tagMetadata:0, tag:0",1,,,,6,11433,3476,14909,6268
2026-04-25,47,translationjob162,Gonzalo Ai Translation Project,JA-JP,es_es,rmcf-ai-translatorion-connector,MACHINE_TRANSLATION,APPROVED,22:20:22.177,22:20:22.191,22:20:22.566,22:20:27.950,22:20:28.016,22:20:28.116,375,0.4s,5773,5.8s,66,0.1s,100,0.1s,5939,5.9s,"page:0, asset:0, contentFragment:1, i18nComponentStringDict:0, assetMetaData:0, tagMetadata:0, tag:0",1,,,,6,11433,3476,14909,6268
2026-04-25,48,translationjob163,Gonzalo Ai Translation Project,DE-DE,es_es,rmcf-ai-translatorion-connector,MACHINE_TRANSLATION,APPROVED,22:21:19.270,22:21:19.285,22:21:57.045,22:22:22.702,22:22:22.753,22:22:25.029,37760,37.8s,63432,1m 3.4s,51,0.1s,2276,2.3s,65759,1m 5.8s,"page:0, asset:0, contentFragment:4, i18nComponentStringDict:0, assetMetaData:0, tagMetadata:0, tag:0",1,,,,25,53025,22742,75767,6733
2026-04-25,49,translationjob164,Gonzalo Ai Translation Project,PT-PT,es_es,rmcf-ai-translatorion-connector,MACHINE_TRANSLATION,APPROVED,22:22:38.243,22:22:38.258,22:23:19.249,22:23:41.925,22:23:42.001,22:23:45.233,40991,41.0s,63682,1m 3.7s,76,0.1s,3232,3.2s,66990,1m 7.0s,"page:0, asset:1, contentFragment:4, i18nComponentStringDict:0, assetMetaData:0, tagMetadata:0, tag:0",1,,,,25,53025,22742,75767,6733
2026-04-25,50,translationjob165,Gonzalo Ai Translation Project,EN-US,es_es,rmcf-ai-translatorion-connector,MACHINE_TRANSLATION,APPROVED,22:23:56.562,22:23:56.583,22:24:11.162,22:24:18.145,22:24:18.207,22:24:19.220,14579,14.6s,21583,21.6s,62,0.1s,1013,1.0s,22658,22.7s,"page:0, asset:0, contentFragment:2, i18nComponentStringDict:0, assetMetaData:0, tagMetadata:0, tag:0",1,,,,25,53025,22742,75767,6733
2026-04-25,51,translationjob166,Gonzalo Ai Translation Project,AR-AE,es_es,rmcf-ai-translatorion-connector,MACHINE_TRANSLATION,APPROVED,22:24:34.665,22:24:34.688,22:25:33.294,22:26:16.888,22:26:16.954,22:26:20.127,58606,58.6s,102223,1m 42.2s,66,0.1s,3173,3.2s,105462,1m 45.5s,"page:0, asset:0, contentFragment:5, i18nComponentStringDict:0, assetMetaData:0, tagMetadata:0, tag:0",1,,,,25,53025,22742,75767,6733
2026-04-25,52,translationjob167,Gonzalo Ai Translation Project,FR-FR,es_es,rmcf-ai-translatorion-connector,MACHINE_TRANSLATION,READY_FOR_REVIEW,22:26:26.493,22:26:26.507,22:27:17.399,22:27:54.425,22:27:54.540,,50892,50.9s,87932,1m 27.9s,115,0.1s,,,,,"page:0, asset:0, contentFragment:5, i18nComponentStringDict:0, assetMetaData:0, tagMetadata:0, tag:0",1,,,,25,53025,22742,75767,6733
2026-04-25,53,translationjob168,Gonzalo Ai Translation Project,JA-JP,es_es,rmcf-ai-translatorion-connector,MACHINE_TRANSLATION,READY_FOR_REVIEW,22:28:01.646,22:28:01.663,22:28:36.950,22:29:23.763,22:29:23.808,,35287,35.3s,82117,1m 22.1s,45,0.0s,,,,,"page:0, asset:1, contentFragment:5, i18nComponentStringDict:0, assetMetaData:0, tagMetadata:0, tag:0",1,,,,25,53025,22742,75767,6733
2026-04-25,54,translationjob169,Gonzalo Ai Translation Project,DE-DE,es_es,rmcf-ai-translatorion-connector,MACHINE_TRANSLATION,APPROVED,22:28:46.095,22:28:46.106,22:29:17.622,22:29:38.418,22:29:38.457,22:29:39.108,31516,31.5s,52323,52.3s,39,0.0s,651,0.7s,53013,53.0s,"page:0, asset:0, contentFragment:4, i18nComponentStringDict:0, assetMetaData:0, tagMetadata:0, tag:0",1,,,,25,55638,23790,79428,5942
2026-04-25,55,translationjob170,Gonzalo Ai Translation Project,PT-PT,es_es,rmcf-ai-translatorion-connector,MACHINE_TRANSLATION,APPROVED,22:29:50.021,22:29:50.034,22:30:21.525,22:30:43.946,22:30:43.983,22:30:44.933,31491,31.5s,53925,53.9s,37,0.0s,950,0.9s,54912,54.9s,"page:0, asset:0, contentFragment:4, i18nComponentStringDict:0, assetMetaData:0, tagMetadata:0, tag:0",1,,,,25,55638,23790,79428,5942
2026-04-25,56,translationjob171,Gonzalo Ai Translation Project,EN-US,es_es,rmcf-ai-translatorion-connector,MACHINE_TRANSLATION,APPROVED,22:30:54.725,22:30:54.737,22:31:11.630,22:31:19.919,22:31:19.959,22:31:20.088,16893,16.9s,25194,25.2s,40,0.0s,129,0.1s,25363,25.4s,"page:0, asset:0, contentFragment:2, i18nComponentStringDict:0, assetMetaData:0, tagMetadata:0, tag:0",1,,,,25,55638,23790,79428,5942
2026-04-25,57,translationjob172,Gonzalo Ai Translation Project,AR-AE,es_es,rmcf-ai-translatorion-connector,MACHINE_TRANSLATION,APPROVED,22:31:28.061,22:31:28.074,22:32:02.989,22:32:36.051,22:32:36.093,22:32:36.430,34915,34.9s,67990,1m 8.0s,42,0.0s,337,0.3s,68369,1m 8.4s,"page:0, asset:0, contentFragment:5, i18nComponentStringDict:0, assetMetaData:0, tagMetadata:0, tag:0",1,,,,25,55638,23790,79428,5942
2026-04-25,58,translationjob173,Gonzalo Ai Translation Project,FR-FR,es_es,rmcf-ai-translatorion-connector,MACHINE_TRANSLATION,APPROVED,22:32:47.423,22:32:47.437,22:33:28.794,22:34:04.113,22:34:04.151,22:34:05.640,41357,41.4s,76690,1m 16.7s,38,0.0s,1489,1.5s,78217,1m 18.2s,"page:0, asset:0, contentFragment:5, i18nComponentStringDict:0, assetMetaData:0, tagMetadata:0, tag:0",1,,,,25,55638,23790,79428,5942
2026-04-25,59,translationjob174,Gonzalo Ai Translation Project,JA-JP,es_es,rmcf-ai-translatorion-connector,MACHINE_TRANSLATION,APPROVED,22:34:16.237,22:34:16.251,22:34:55.545,22:35:35.065,22:35:35.104,22:35:36.424,39294,39.3s,78828,1m 18.8s,39,0.0s,1320,1.3s,80187,1m 20.2s,"page:0, asset:0, contentFragment:5, i18nComponentStringDict:0, assetMetaData:0, tagMetadata:0, tag:0",1,,,,25,55638,23790,79428,5942
2026-04-25,60,translationjob175,Gonzalo Ai Translation Project,DE-DE,es_es,rmcf-ai-translatorion-connector,MACHINE_TRANSLATION,APPROVED,22:50:02.121,22:50:02.134,22:50:02.495,22:50:08.649,22:50:08.683,22:50:08.823,361,0.4s,6528,6.5s,34,0.0s,140,0.1s,6702,6.7s,"page:0, asset:1, contentFragment:1, i18nComponentStringDict:0, assetMetaData:0, tagMetadata:0, tag:0",1,,,,6,11301,3615,14916,5299
2026-04-25,61,translationjob176,Gonzalo Ai Translation Project,PT-PT,es_es,rmcf-ai-translatorion-connector,MACHINE_TRANSLATION,APPROVED,22:50:09.130,22:50:09.146,22:50:09.599,22:50:14.856,22:50:14.953,22:50:15.076,453,0.5s,5726,5.7s,97,0.1s,123,0.1s,5946,5.9s,"page:0, asset:1, contentFragment:1, i18nComponentStringDict:0, assetMetaData:0, tagMetadata:0, tag:0",1,,,,6,11301,3615,14916,5299
2026-04-25,62,translationjob177,Gonzalo Ai Translation Project,EN-US,es_es,rmcf-ai-translatorion-connector,MACHINE_TRANSLATION,APPROVED,22:50:15.268,22:50:15.281,22:50:15.784,22:50:20.209,22:50:20.252,22:50:20.385,503,0.5s,4941,4.9s,43,0.0s,133,0.1s,5117,5.1s,"page:0, asset:1, contentFragment:1, i18nComponentStringDict:0, assetMetaData:0, tagMetadata:0, tag:0",1,,,,6,11301,3615,14916,5299
2026-04-25,63,translationjob178,Gonzalo Ai Translation Project,AR-AE,es_es,rmcf-ai-translatorion-connector,MACHINE_TRANSLATION,APPROVED,22:50:20.552,22:50:20.563,22:50:20.939,22:50:27.648,22:50:27.684,22:50:27.825,376,0.4s,7096,7.1s,36,0.0s,141,0.1s,7273,7.3s,"page:0, asset:1, contentFragment:1, i18nComponentStringDict:0, assetMetaData:0, tagMetadata:0, tag:0",1,,,,6,11301,3615,14916,5299
2026-04-25,64,translationjob179,Gonzalo Ai Translation Project,FR-FR,es_es,rmcf-ai-translatorion-connector,MACHINE_TRANSLATION,APPROVED,22:50:28.113,22:50:28.128,22:50:28.441,22:50:33.696,22:50:33.735,22:50:33.875,313,0.3s,5583,5.6s,39,0.0s,140,0.1s,5762,5.8s,"page:0, asset:1, contentFragment:1, i18nComponentStringDict:0, assetMetaData:0, tagMetadata:0, tag:0",1,,,,6,11301,3615,14916,5299
2026-04-25,65,translationjob180,Gonzalo Ai Translation Project,JA-JP,es_es,rmcf-ai-translatorion-connector,MACHINE_TRANSLATION,APPROVED,22:50:34.093,22:50:34.107,22:50:34.539,22:50:42.048,22:50:42.090,22:50:42.236,432,0.4s,7955,8.0s,42,0.0s,146,0.1s,8143,8.1s,"page:0, asset:1, contentFragment:1, i18nComponentStringDict:0, assetMetaData:0, tagMetadata:0, tag:0",1,,,,6,11301,3615,14916,5299
2026-04-26,1,translationjob78,Nathalie Ai Translation Project,DE-DE,es_es,rmcf-ai-translatorion-connector,MACHINE_TRANSLATION,APPROVED,09:02:29.947,09:02:29.972,09:02:30.377,09:02:35.039,09:02:35.118,09:02:35.236,405,0.4s,5092,5.1s,79,0.1s,118,0.1s,5289,5.3s,"page:0, asset:0, contentFragment:1, i18nComponentStringDict:0, assetMetaData:0, tagMetadata:0, tag:0",1,,,,6,9921,2050,11971,3338
2026-04-26,2,translationjob79,Nathalie Ai Translation Project,PT-PT,es_es,rmcf-ai-translatorion-connector,MACHINE_TRANSLATION,APPROVED,09:02:35.675,09:02:35.702,09:02:36.069,09:02:39.986,09:02:40.061,09:02:40.187,367,0.4s,4311,4.3s,75,0.1s,126,0.1s,4512,4.5s,"page:0, asset:0, contentFragment:1, i18nComponentStringDict:0, assetMetaData:0, tagMetadata:0, tag:0",1,,,,6,9921,2050,11971,3338
2026-04-26,3,translationjob80,Nathalie Ai Translation Project,EN-US,es_es,rmcf-ai-translatorion-connector,MACHINE_TRANSLATION,APPROVED,09:02:40.855,09:02:40.879,09:02:41.268,09:02:44.700,09:02:44.770,09:02:44.877,389,0.4s,3845,3.8s,70,0.1s,107,0.1s,4022,4.0s,"page:0, asset:0, contentFragment:1, i18nComponentStringDict:0, assetMetaData:0, tagMetadata:0, tag:0",1,,,,6,9921,2050,11971,3338
2026-04-26,4,translationjob81,Nathalie Ai Translation Project,AR-AE,es_es,rmcf-ai-translatorion-connector,MACHINE_TRANSLATION,APPROVED,09:02:45.283,09:02:45.306,09:02:45.851,09:02:50.891,09:02:50.954,09:02:51.074,545,0.5s,5608,5.6s,63,0.1s,120,0.1s,5791,5.8s,"page:0, asset:0, contentFragment:1, i18nComponentStringDict:0, assetMetaData:0, tagMetadata:0, tag:0",1,,,,6,9921,2050,11971,3338
2026-04-26,5,translationjob84,Nathalie Ai Translation Project,FR-FR,es_es,rmcf-ai-translatorion-connector,MACHINE_TRANSLATION,APPROVED,09:02:51.599,09:02:51.622,09:02:51.969,09:02:55.530,09:02:55.787,09:02:55.913,347,0.3s,3931,3.9s,257,0.3s,126,0.1s,4314,4.3s,"page:0, asset:0, contentFragment:1, i18nComponentStringDict:0, assetMetaData:0, tagMetadata:0, tag:0",1,,,,6,9921,2050,11971,3338
2026-04-26,6,translationjob104,Nathalie Ai Translation Project,JA-JP,es_es,rmcf-ai-translatorion-connector,MACHINE_TRANSLATION,APPROVED,09:02:56.393,09:02:56.421,09:02:56.812,09:03:01.864,09:03:01.960,09:03:02.072,391,0.4s,5471,5.5s,96,0.1s,112,0.1s,5679,5.7s,"page:0, asset:0, contentFragment:1, i18nComponentStringDict:0, assetMetaData:0, tagMetadata:0, tag:0",1,,,,6,9921,2050,11971,3338
2026-04-26,7,translationjob105,Nathalie Ai Translation Project,DE-DE,es_es,rmcf-ai-translatorion-connector,MACHINE_TRANSLATION,APPROVED,10:38:41.289,10:38:41.308,10:38:42.339,10:38:54.684,10:38:54.747,10:38:54.953,1031,1.0s,13395,13.4s,63,0.1s,206,0.2s,13664,13.7s,"page:0, asset:1, contentFragment:1, i18nComponentStringDict:0, assetMetaData:0, tagMetadata:0, tag:0",1,,,,6,19011,11405,30416,11547
2026-04-26,8,translationjob106,Nathalie Ai Translation Project,PT-PT,es_es,rmcf-ai-translatorion-connector,MACHINE_TRANSLATION,APPROVED,10:38:55.292,10:38:55.310,10:38:55.868,10:39:06.714,10:39:06.771,10:39:06.971,558,0.6s,11422,11.4s,57,0.1s,200,0.2s,11679,11.7s,"page:0, asset:1, contentFragment:1, i18nComponentStringDict:0, assetMetaData:0, tagMetadata:0, tag:0",1,,,,6,19011,11405,30416,11547
2026-04-26,9,translationjob107,Nathalie Ai Translation Project,EN-US,es_es,rmcf-ai-translatorion-connector,MACHINE_TRANSLATION,APPROVED,10:39:07.315,10:39:07.333,10:39:07.936,10:39:18.535,10:39:18.595,10:39:18.792,603,0.6s,11220,11.2s,60,0.1s,197,0.2s,11477,11.5s,"page:0, asset:1, contentFragment:1, i18nComponentStringDict:0, assetMetaData:0, tagMetadata:0, tag:0",1,,,,6,19011,11405,30416,11547
2026-04-26,10,translationjob108,Nathalie Ai Translation Project,AR-AE,es_es,rmcf-ai-translatorion-connector,MACHINE_TRANSLATION,APPROVED,10:39:19.131,10:39:19.149,10:39:19.897,10:39:34.027,10:39:34.076,10:39:34.271,748,0.7s,14896,14.9s,49,0.0s,195,0.2s,15140,15.1s,"page:0, asset:1, contentFragment:1, i18nComponentStringDict:0, assetMetaData:0, tagMetadata:0, tag:0",1,,,,6,19011,11405,30416,11547
2026-04-26,11,translationjob109,Nathalie Ai Translation Project,FR-FR,es_es,rmcf-ai-translatorion-connector,MACHINE_TRANSLATION,APPROVED,10:39:34.860,10:39:34.880,10:39:35.531,10:39:48.166,10:39:48.222,10:39:48.444,651,0.7s,13306,13.3s,56,0.1s,222,0.2s,13584,13.6s,"page:0, asset:1, contentFragment:1, i18nComponentStringDict:0, assetMetaData:0, tagMetadata:0, tag:0",1,,,,6,19011,11405,30416,11547
2026-04-26,12,translationjob110,Nathalie Ai Translation Project,JA-JP,es_es,rmcf-ai-translatorion-connector,MACHINE_TRANSLATION,APPROVED,10:39:48.979,10:39:48.997,10:39:49.626,10:40:04.686,10:40:05.505,10:40:05.720,629,0.6s,15707,15.7s,819,0.8s,215,0.2s,16741,16.7s,"page:0, asset:1, contentFragment:1, i18nComponentStringDict:0, assetMetaData:0, tagMetadata:0, tag:0",1,,,,6,19011,11405,30416,11547
2026-04-26,13,translationjob111,Nathalie Ai Translation Project,DE-DE,es_es,rmcf-ai-translatorion-connector,MACHINE_TRANSLATION,APPROVED,10:41:35.808,10:41:35.826,10:41:36.170,10:41:39.905,10:41:39.957,10:41:40.055,344,0.3s,4097,4.1s,52,0.1s,98,0.1s,4247,4.2s,"page:0, asset:0, contentFragment:1, i18nComponentStringDict:0, assetMetaData:0, tagMetadata:0, tag:0",1,,,,6,9207,1283,10490,3188
2026-04-26,14,translationjob112,Nathalie Ai Translation Project,PT-PT,es_es,rmcf-ai-translatorion-connector,MACHINE_TRANSLATION,APPROVED,10:41:40.551,10:41:40.575,10:41:41.291,10:41:44.765,10:41:44.814,10:41:45.069,716,0.7s,4214,4.2s,49,0.0s,255,0.3s,4518,4.5s,"page:0, asset:0, contentFragment:1, i18nComponentStringDict:0, assetMetaData:0, tagMetadata:0, tag:0",1,,,,6,9207,1283,10490,3188
2026-04-26,15,translationjob113,Nathalie Ai Translation Project,EN-US,es_es,rmcf-ai-translatorion-connector,MACHINE_TRANSLATION,APPROVED,10:41:45.428,10:41:45.447,10:41:45.711,10:41:48.792,10:41:48.840,10:41:48.938,264,0.3s,3364,3.4s,48,0.0s,98,0.1s,3510,3.5s,"page:0, asset:0, contentFragment:1, i18nComponentStringDict:0, assetMetaData:0, tagMetadata:0, tag:0",1,,,,6,9207,1283,10490,3188
2026-04-26,16,translationjob114,Nathalie Ai Translation Project,AR-AE,es_es,rmcf-ai-translatorion-connector,MACHINE_TRANSLATION,APPROVED,10:41:49.267,10:41:49.291,10:41:49.600,10:41:53.530,10:41:53.579,10:41:53.671,309,0.3s,4263,4.3s,49,0.0s,92,0.1s,4404,4.4s,"page:0, asset:0, contentFragment:1, i18nComponentStringDict:0, assetMetaData:0, tagMetadata:0, tag:0",1,,,,6,9207,1283,10490,3188
2026-04-26,17,translationjob115,Nathalie Ai Translation Project,FR-FR,es_es,rmcf-ai-translatorion-connector,MACHINE_TRANSLATION,APPROVED,10:41:54.183,10:41:54.210,10:41:54.508,10:41:59.372,10:41:59.426,10:41:59.680,298,0.3s,5189,5.2s,54,0.1s,254,0.3s,5497,5.5s,"page:0, asset:0, contentFragment:1, i18nComponentStringDict:0, assetMetaData:0, tagMetadata:0, tag:0",1,,,,6,9207,1283,10490,3188
2026-04-26,18,translationjob116,Nathalie Ai Translation Project,JA-JP,es_es,rmcf-ai-translatorion-connector,MACHINE_TRANSLATION,APPROVED,10:42:00.124,10:42:00.144,10:42:00.784,10:42:05.769,10:42:05.821,10:42:05.917,640,0.6s,5645,5.6s,52,0.1s,96,0.1s,5793,5.8s,"page:0, asset:0, contentFragment:1, i18nComponentStringDict:0, assetMetaData:0, tagMetadata:0, tag:0",1,,,,6,9207,1283,10490,3188
2026-04-26,19,translationjob117,Nathalie Ai Translation Project,DE-DE,es_es,rmcf-ai-translatorion-connector,MACHINE_TRANSLATION,APPROVED,11:59:23.603,11:59:23.620,11:59:23.931,11:59:27.939,11:59:27.988,11:59:28.087,311,0.3s,4336,4.3s,49,0.0s,99,0.1s,4484,4.5s,"page:0, asset:0, contentFragment:1, i18nComponentStringDict:0, assetMetaData:0, tagMetadata:0, tag:0",1,,,,6,9351,1477,10828,3295
2026-04-26,20,translationjob118,Nathalie Ai Translation Project,PT-PT,es_es,rmcf-ai-translatorion-connector,MACHINE_TRANSLATION,APPROVED,11:59:28.501,11:59:28.520,11:59:28.970,11:59:32.322,11:59:32.374,11:59:32.479,450,0.5s,3821,3.8s,52,0.1s,105,0.1s,3978,4.0s,"page:0, asset:0, contentFragment:1, i18nComponentStringDict:0, assetMetaData:0, tagMetadata:0, tag:0",1,,,,6,9351,1477,10828,3295
2026-04-26,21,translationjob119,Nathalie Ai Translation Project,EN-US,es_es,rmcf-ai-translatorion-connector,MACHINE_TRANSLATION,APPROVED,11:59:32.925,11:59:32.949,11:59:33.237,11:59:35.847,11:59:35.897,11:59:35.987,288,0.3s,2922,2.9s,50,0.1s,90,0.1s,3062,3.1s,"page:0, asset:0, contentFragment:1, i18nComponentStringDict:0, assetMetaData:0, tagMetadata:0, tag:0",1,,,,6,9351,1477,10828,3295
2026-04-26,22,translationjob120,Nathalie Ai Translation Project,AR-AE,es_es,rmcf-ai-translatorion-connector,MACHINE_TRANSLATION,APPROVED,11:59:36.535,11:59:36.553,11:59:36.835,11:59:42.425,11:59:42.476,11:59:42.567,282,0.3s,5890,5.9s,51,0.1s,91,0.1s,6032,6.0s,"page:0, asset:0, contentFragment:1, i18nComponentStringDict:0, assetMetaData:0, tagMetadata:0, tag:0",1,,,,6,9351,1477,10828,3295
2026-04-26,23,translationjob121,Nathalie Ai Translation Project,FR-FR,es_es,rmcf-ai-translatorion-connector,MACHINE_TRANSLATION,APPROVED,11:59:43.001,11:59:43.025,11:59:43.326,11:59:46.799,11:59:46.859,11:59:46.961,301,0.3s,3798,3.8s,60,0.1s,102,0.1s,3960,4.0s,"page:0, asset:0, contentFragment:1, i18nComponentStringDict:0, assetMetaData:0, tagMetadata:0, tag:0",1,,,,6,9351,1477,10828,3295
2026-04-26,24,translationjob122,Nathalie Ai Translation Project,JA-JP,es_es,rmcf-ai-translatorion-connector,MACHINE_TRANSLATION,APPROVED,11:59:47.331,11:59:47.351,11:59:47.648,11:59:52.379,11:59:52.504,11:59:52.598,297,0.3s,5048,5.0s,125,0.1s,94,0.1s,5267,5.3s,"page:0, asset:0, contentFragment:1, i18nComponentStringDict:0, assetMetaData:0, tagMetadata:0, tag:0",1,,,,6,9351,1477,10828,3295
2026-04-26,25,translationjob123,Nathalie Ai Translation Project,DE-DE,es_es,rmcf-ai-translatorion-connector,MACHINE_TRANSLATION,APPROVED,12:13:55.509,12:13:55.529,12:13:55.844,12:13:59.168,12:13:59.367,12:13:59.487,315,0.3s,3659,3.7s,199,0.2s,120,0.1s,3978,4.0s,"page:0, asset:0, contentFragment:1, i18nComponentStringDict:0, assetMetaData:0, tagMetadata:0, tag:0",1,,,,6,9465,1471,10936,2587
2026-04-26,26,translationjob124,Nathalie Ai Translation Project,PT-PT,es_es,rmcf-ai-translatorion-connector,MACHINE_TRANSLATION,APPROVED,12:13:59.878,12:13:59.899,12:14:00.164,12:14:04.612,12:14:04.666,12:14:04.758,265,0.3s,4734,4.7s,54,0.1s,92,0.1s,4880,4.9s,"page:0, asset:0, contentFragment:1, i18nComponentStringDict:0, assetMetaData:0, tagMetadata:0, tag:0",1,,,,6,9465,1471,10936,2587
2026-04-26,27,translationjob125,Nathalie Ai Translation Project,EN-US,es_es,rmcf-ai-translatorion-connector,MACHINE_TRANSLATION,APPROVED,12:14:05.173,12:14:05.195,12:14:05.444,12:14:08.219,12:14:08.273,12:14:08.364,249,0.2s,3046,3.0s,54,0.1s,91,0.1s,3191,3.2s,"page:0, asset:0, contentFragment:1, i18nComponentStringDict:0, assetMetaData:0, tagMetadata:0, tag:0",1,,,,6,9465,1471,10936,2587
2026-04-26,28,translationjob126,Nathalie Ai Translation Project,AR-AE,es_es,rmcf-ai-translatorion-connector,MACHINE_TRANSLATION,APPROVED,12:14:08.751,12:14:08.771,12:14:09.040,12:14:12.666,12:14:12.723,12:14:12.821,269,0.3s,3915,3.9s,57,0.1s,98,0.1s,4070,4.1s,"page:0, asset:0, contentFragment:1, i18nComponentStringDict:0, assetMetaData:0, tagMetadata:0, tag:0",1,,,,6,9465,1471,10936,2587
2026-04-26,29,translationjob127,Nathalie Ai Translation Project,FR-FR,es_es,rmcf-ai-translatorion-connector,MACHINE_TRANSLATION,APPROVED,12:14:13.225,12:14:13.245,12:14:13.496,12:14:16.483,12:14:16.537,12:14:16.637,251,0.3s,3258,3.3s,54,0.1s,100,0.1s,3412,3.4s,"page:0, asset:0, contentFragment:1, i18nComponentStringDict:0, assetMetaData:0, tagMetadata:0, tag:0",1,,,,6,9465,1471,10936,2587
2026-04-26,30,translationjob128,Nathalie Ai Translation Project,JA-JP,es_es,rmcf-ai-translatorion-connector,MACHINE_TRANSLATION,APPROVED,12:14:17.132,12:14:17.153,12:14:17.428,12:14:20.393,12:14:20.455,12:14:20.552,275,0.3s,3261,3.3s,62,0.1s,97,0.1s,3420,3.4s,"page:0, asset:0, contentFragment:1, i18nComponentStringDict:0, assetMetaData:0, tagMetadata:0, tag:0",1,,,,6,9465,1471,10936,2587
2026-04-26,31,translationjob129,Nathalie Ai Translation Project,DE-DE,es_es,rmcf-ai-translatorion-connector,MACHINE_TRANSLATION,APPROVED,15:59:46.684,15:59:46.709,15:59:47.140,15:59:53.468,15:59:53.541,15:59:53.665,431,0.4s,6784,6.8s,73,0.1s,124,0.1s,6981,7.0s,"page:0, asset:0, contentFragment:1, i18nComponentStringDict:0, assetMetaData:0, tagMetadata:0, tag:0",1,,,,6,11433,3530,14963,5236
2026-04-26,32,translationjob130,Nathalie Ai Translation Project,PT-PT,es_es,rmcf-ai-translatorion-connector,MACHINE_TRANSLATION,APPROVED,15:59:54.174,15:59:54.205,15:59:54.733,15:59:59.312,15:59:59.379,15:59:59.485,528,0.5s,5138,5.1s,67,0.1s,106,0.1s,5311,5.3s,"page:0, asset:0, contentFragment:1, i18nComponentStringDict:0, assetMetaData:0, tagMetadata:0, tag:0",1,,,,6,11433,3530,14963,5236
2026-04-26,33,translationjob131,Nathalie Ai Translation Project,EN-US,es_es,rmcf-ai-translatorion-connector,MACHINE_TRANSLATION,APPROVED,15:59:59.897,15:59:59.920,16:00:00.372,16:00:05.442,16:00:05.537,16:00:05.647,452,0.5s,5545,5.5s,95,0.1s,110,0.1s,5750,5.8s,"page:0, asset:0, contentFragment:1, i18nComponentStringDict:0, assetMetaData:0, tagMetadata:0, tag:0",1,,,,6,11433,3530,14963,5236
2026-04-26,34,translationjob132,Nathalie Ai Translation Project,AR-AE,es_es,rmcf-ai-translatorion-connector,MACHINE_TRANSLATION,APPROVED,16:00:06.126,16:00:06.155,16:00:06.960,16:00:12.950,16:00:13.012,16:00:13.124,805,0.8s,6824,6.8s,62,0.1s,112,0.1s,6998,7.0s,"page:0, asset:0, contentFragment:1, i18nComponentStringDict:0, assetMetaData:0, tagMetadata:0, tag:0",1,,,,6,11433,3530,14963,5236
2026-04-26,35,translationjob133,Nathalie Ai Translation Project,FR-FR,es_es,rmcf-ai-translatorion-connector,MACHINE_TRANSLATION,APPROVED,16:00:13.764,16:00:13.793,16:00:14.257,16:00:19.261,16:00:19.530,16:00:19.846,464,0.5s,5497,5.5s,269,0.3s,316,0.3s,6082,6.1s,"page:0, asset:0, contentFragment:1, i18nComponentStringDict:0, assetMetaData:0, tagMetadata:0, tag:0",1,,,,6,11433,3530,14963,5236
2026-04-26,36,translationjob134,Nathalie Ai Translation Project,JA-JP,es_es,rmcf-ai-translatorion-connector,MACHINE_TRANSLATION,APPROVED,16:00:20.424,16:00:20.448,16:00:21.100,16:00:30.681,16:00:30.742,16:00:30.882,652,0.7s,10257,10.3s,61,0.1s,140,0.1s,10458,10.5s,"page:0, asset:0, contentFragment:1, i18nComponentStringDict:0, assetMetaData:0, tagMetadata:0, tag:0",1,,,,6,11433,3530,14963,5236
2026-04-26,37,translationjob135,Nathalie Ai Translation Project,DE-DE,es_es,rmcf-ai-translatorion-connector,MACHINE_TRANSLATION,APPROVED,16:30:13.901,16:30:13.925,16:30:14.477,16:30:27.322,16:30:27.379,16:30:27.477,552,0.6s,13421,13.4s,57,0.1s,98,0.1s,13576,13.6s,"page:0, asset:0, contentFragment:1, i18nComponentStringDict:0, assetMetaData:0, tagMetadata:0, tag:0",1,,,,6,9807,1925,11732,4346
2026-04-26,38,translationjob136,Nathalie Ai Translation Project,PT-PT,es_es,rmcf-ai-translatorion-connector,MACHINE_TRANSLATION,APPROVED,16:30:28.066,16:30:28.103,16:30:28.467,16:30:31.739,16:30:31.793,16:30:32.019,364,0.4s,3673,3.7s,54,0.1s,226,0.2s,3953,4.0s,"page:0, asset:0, contentFragment:1, i18nComponentStringDict:0, assetMetaData:0, tagMetadata:0, tag:0",1,,,,6,9807,1925,11732,4346
2026-04-26,39,translationjob137,Nathalie Ai Translation Project,EN-US,es_es,rmcf-ai-translatorion-connector,MACHINE_TRANSLATION,APPROVED,16:30:32.383,16:30:32.402,16:30:32.694,16:30:35.806,16:30:35.863,16:30:35.955,292,0.3s,3423,3.4s,57,0.1s,92,0.1s,3572,3.6s,"page:0, asset:0, contentFragment:1, i18nComponentStringDict:0, assetMetaData:0, tagMetadata:0, tag:0",1,,,,6,9807,1925,11732,4346
2026-04-26,40,translationjob138,Nathalie Ai Translation Project,AR-AE,es_es,rmcf-ai-translatorion-connector,MACHINE_TRANSLATION,APPROVED,16:30:36.408,16:30:36.427,16:30:36.806,16:30:40.355,16:30:40.421,16:30:40.503,379,0.4s,3947,3.9s,66,0.1s,82,0.1s,4095,4.1s,"page:0, asset:0, contentFragment:1, i18nComponentStringDict:0, assetMetaData:0, tagMetadata:0, tag:0",1,,,,6,9807,1925,11732,4346
2026-04-26,41,translationjob139,Nathalie Ai Translation Project,FR-FR,es_es,rmcf-ai-translatorion-connector,MACHINE_TRANSLATION,APPROVED,16:30:40.867,16:30:40.884,16:30:41.166,16:30:44.230,16:30:44.276,16:30:44.362,282,0.3s,3363,3.4s,46,0.0s,86,0.1s,3495,3.5s,"page:0, asset:0, contentFragment:1, i18nComponentStringDict:0, assetMetaData:0, tagMetadata:0, tag:0",1,,,,6,9807,1925,11732,4346
2026-04-26,42,translationjob140,Nathalie Ai Translation Project,JA-JP,es_es,rmcf-ai-translatorion-connector,MACHINE_TRANSLATION,APPROVED,16:30:44.908,16:30:44.928,16:30:45.223,16:30:49.400,16:30:49.447,16:30:49.538,295,0.3s,4492,4.5s,47,0.0s,91,0.1s,4630,4.6s,"page:0, asset:0, contentFragment:1, i18nComponentStringDict:0, assetMetaData:0, tagMetadata:0, tag:0",1,,,,6,9807,1925,11732,4346
2026-04-26,43,translationjob141,Nathalie Ai Translation Project,DE-DE,es_es,rmcf-ai-translatorion-connector,MACHINE_TRANSLATION,APPROVED,16:36:51.609,16:36:51.627,16:36:52.101,16:36:55.607,16:36:55.656,16:36:55.859,474,0.5s,3998,4.0s,49,0.0s,203,0.2s,4250,4.2s,"page:0, asset:1, contentFragment:1, i18nComponentStringDict:0, assetMetaData:0, tagMetadata:0, tag:0",1,,,,6,9303,1381,10684,2516
2026-04-26,44,translationjob142,Nathalie Ai Translation Project,PT-PT,es_es,rmcf-ai-translatorion-connector,MACHINE_TRANSLATION,APPROVED,16:36:56.366,16:36:56.389,16:36:56.947,16:37:00.201,16:37:00.252,16:37:00.435,558,0.6s,3835,3.8s,51,0.1s,183,0.2s,4069,4.1s,"page:0, asset:1, contentFragment:1, i18nComponentStringDict:0, assetMetaData:0, tagMetadata:0, tag:0",1,,,,6,9303,1381,10684,2516
2026-04-26,45,translationjob143,Nathalie Ai Translation Project,EN-US,es_es,rmcf-ai-translatorion-connector,MACHINE_TRANSLATION,APPROVED,16:37:00.789,16:37:00.805,16:37:01.629,16:37:04.278,16:37:04.329,16:37:04.693,824,0.8s,3489,3.5s,51,0.1s,364,0.4s,3904,3.9s,"page:0, asset:1, contentFragment:1, i18nComponentStringDict:0, assetMetaData:0, tagMetadata:0, tag:0",1,,,,6,9303,1381,10684,2516
2026-04-26,46,translationjob144,Nathalie Ai Translation Project,AR-AE,es_es,rmcf-ai-translatorion-connector,MACHINE_TRANSLATION,APPROVED,16:37:05.063,16:37:05.080,16:37:05.825,16:37:09.315,16:37:09.378,16:37:09.763,745,0.7s,4252,4.3s,63,0.1s,385,0.4s,4700,4.7s,"page:0, asset:1, contentFragment:1, i18nComponentStringDict:0, assetMetaData:0, tagMetadata:0, tag:0",1,,,,6,9303,1381,10684,2516
2026-04-26,47,translationjob145,Nathalie Ai Translation Project,FR-FR,es_es,rmcf-ai-translatorion-connector,MACHINE_TRANSLATION,APPROVED,16:37:10.116,16:37:10.135,16:37:10.901,16:37:14.028,16:37:14.079,16:37:14.266,766,0.8s,3912,3.9s,51,0.1s,187,0.2s,4150,4.2s,"page:0, asset:1, contentFragment:1, i18nComponentStringDict:0, assetMetaData:0, tagMetadata:0, tag:0",1,,,,6,9303,1381,10684,2516
2026-04-26,48,translationjob146,Nathalie Ai Translation Project,JA-JP,es_es,rmcf-ai-translatorion-connector,MACHINE_TRANSLATION,APPROVED,16:37:14.670,16:37:14.687,16:37:15.447,16:37:19.881,16:37:19.940,16:37:20.123,760,0.8s,5211,5.2s,59,0.1s,183,0.2s,5453,5.5s,"page:0, asset:1, contentFragment:1, i18nComponentStringDict:0, assetMetaData:0, tagMetadata:0, tag:0",1,,,,6,9303,1381,10684,2516
2026-04-26,49,translationjob147,Nathalie Ai Translation Project,DE-DE,es_es,rmcf-ai-translatorion-connector,MACHINE_TRANSLATION,APPROVED,20:08:23.877,20:08:23.896,20:08:24.212,20:08:32.396,20:08:32.452,20:08:32.570,316,0.3s,8519,8.5s,56,0.1s,118,0.1s,8693,8.7s,"page:0, asset:0, contentFragment:1, i18nComponentStringDict:0, assetMetaData:0, tagMetadata:0, tag:0",1,,,,6,12783,4902,17685,7397
2026-04-26,50,translationjob148,Nathalie Ai Translation Project,PT-PT,es_es,rmcf-ai-translatorion-connector,MACHINE_TRANSLATION,APPROVED,20:08:32.965,20:08:32.983,20:08:33.396,20:08:40.452,20:08:40.531,20:08:40.628,413,0.4s,7487,7.5s,79,0.1s,97,0.1s,7663,7.7s,"page:0, asset:0, contentFragment:1, i18nComponentStringDict:0, assetMetaData:0, tagMetadata:0, tag:0",1,,,,6,12783,4902,17685,7397
2026-04-26,51,translationjob149,Nathalie Ai Translation Project,EN-US,es_es,rmcf-ai-translatorion-connector,MACHINE_TRANSLATION,APPROVED,20:08:41.105,20:08:41.124,20:08:41.384,20:08:49.753,20:08:49.801,20:08:49.898,260,0.3s,8648,8.6s,48,0.0s,97,0.1s,8793,8.8s,"page:0, asset:0, contentFragment:1, i18nComponentStringDict:0, assetMetaData:0, tagMetadata:0, tag:0",1,,,,6,12783,4902,17685,7397
2026-04-26,52,translationjob150,Nathalie Ai Translation Project,AR-AE,es_es,rmcf-ai-translatorion-connector,MACHINE_TRANSLATION,APPROVED,20:08:50.296,20:08:50.315,20:08:50.736,20:08:59.454,20:08:59.513,20:08:59.635,421,0.4s,9158,9.2s,59,0.1s,122,0.1s,9339,9.3s,"page:0, asset:0, contentFragment:1, i18nComponentStringDict:0, assetMetaData:0, tagMetadata:0, tag:0",1,,,,6,12783,4902,17685,7397
2026-04-26,53,translationjob151,Nathalie Ai Translation Project,FR-FR,es_es,rmcf-ai-translatorion-connector,MACHINE_TRANSLATION,APPROVED,20:08:59.986,20:09:00.006,20:09:00.261,20:09:06.428,20:09:06.490,20:09:06.576,255,0.3s,6442,6.4s,62,0.1s,86,0.1s,6590,6.6s,"page:0, asset:0, contentFragment:1, i18nComponentStringDict:0, assetMetaData:0, tagMetadata:0, tag:0",1,,,,6,12783,4902,17685,7397
2026-04-26,54,translationjob152,Nathalie Ai Translation Project,JA-JP,es_es,rmcf-ai-translatorion-connector,MACHINE_TRANSLATION,APPROVED,20:09:06.982,20:09:07.001,20:09:07.250,20:09:16.939,20:09:16.995,20:09:17.106,249,0.2s,9957,10.0s,56,0.1s,111,0.1s,10124,10.1s,"page:0, asset:0, contentFragment:1, i18nComponentStringDict:0, assetMetaData:0, tagMetadata:0, tag:0",1,,,,6,12783,4902,17685,7397
2026-04-26,55,translationjob153,Nathalie Ai Translation Project,DE-DE,es_es,rmcf-ai-translatorion-connector,MACHINE_TRANSLATION,APPROVED,20:46:49.301,20:46:49.322,20:46:58.740,20:47:06.226,20:47:06.294,20:47:06.410,9418,9.4s,16925,16.9s,68,0.1s,116,0.1s,17109,17.1s,"page:0, asset:0, contentFragment:1, i18nComponentStringDict:0, assetMetaData:0, tagMetadata:0, tag:0",1,,,,6,13350,5410,18760,5287
2026-04-26,56,translationjob154,Nathalie Ai Translation Project,PT-PT,es_es,rmcf-ai-translatorion-connector,MACHINE_TRANSLATION,APPROVED,20:47:16.053,20:47:16.075,20:47:24.968,20:47:31.466,20:47:31.532,20:47:31.633,8893,8.9s,15413,15.4s,66,0.1s,101,0.1s,15580,15.6s,"page:0, asset:0, contentFragment:1, i18nComponentStringDict:0, assetMetaData:0, tagMetadata:0, tag:0",1,,,,6,13350,5410,18760,5287
2026-04-26,57,translationjob155,Nathalie Ai Translation Project,EN-US,es_es,rmcf-ai-translatorion-connector,MACHINE_TRANSLATION,APPROVED,20:47:41.829,20:47:41.857,20:47:51.249,20:47:56.959,20:47:57.022,20:47:57.136,9392,9.4s,15130,15.1s,63,0.1s,114,0.1s,15307,15.3s,"page:0, asset:0, contentFragment:1, i18nComponentStringDict:0, assetMetaData:0, tagMetadata:0, tag:0",1,,,,6,13350,5410,18760,5287
2026-04-26,58,translationjob156,Nathalie Ai Translation Project,AR-AE,es_es,rmcf-ai-translatorion-connector,MACHINE_TRANSLATION,APPROVED,20:48:07.342,20:48:07.367,20:48:17.070,20:48:22.561,20:48:22.628,20:48:22.734,9703,9.7s,15219,15.2s,67,0.1s,106,0.1s,15392,15.4s,"page:0, asset:0, contentFragment:1, i18nComponentStringDict:0, assetMetaData:0, tagMetadata:0, tag:0",1,,,,6,13350,5410,18760,5287
2026-04-26,59,translationjob157,Nathalie Ai Translation Project,FR-FR,es_es,rmcf-ai-translatorion-connector,MACHINE_TRANSLATION,APPROVED,20:48:32.578,20:48:32.600,20:48:41.490,20:48:46.916,20:48:46.977,20:48:47.086,8890,8.9s,14338,14.3s,61,0.1s,109,0.1s,14508,14.5s,"page:0, asset:0, contentFragment:1, i18nComponentStringDict:0, assetMetaData:0, tagMetadata:0, tag:0",1,,,,6,13350,5410,18760,5287
2026-04-26,60,translationjob158,Nathalie Ai Translation Project,JA-JP,es_es,rmcf-ai-translatorion-connector,MACHINE_TRANSLATION,APPROVED,20:48:57.172,20:48:57.196,20:49:06.397,20:49:13.239,20:49:13.302,20:49:13.399,9201,9.2s,16067,16.1s,63,0.1s,97,0.1s,16227,16.2s,"page:0, asset:0, contentFragment:1, i18nComponentStringDict:0, assetMetaData:0, tagMetadata:0, tag:0",1,,,,6,13350,5410,18760,5287
2026-04-26,61,translationjob159,Nathalie Ai Translation Project,DE-DE,es_es,rmcf-ai-translatorion-connector,MACHINE_TRANSLATION,APPROVED,21:54:07.550,21:54:07.571,21:54:07.919,21:54:12.686,21:54:12.745,21:54:12.856,348,0.3s,5136,5.1s,59,0.1s,111,0.1s,5306,5.3s,"page:0, asset:0, contentFragment:1, i18nComponentStringDict:0, assetMetaData:0, tagMetadata:0, tag:0",1,,,,6,9927,2058,11985,3514
2026-04-26,62,translationjob160,Nathalie Ai Translation Project,PT-PT,es_es,rmcf-ai-translatorion-connector,MACHINE_TRANSLATION,APPROVED,21:54:13.497,21:54:13.525,21:54:13.817,21:54:17.531,21:54:17.604,21:54:17.722,292,0.3s,4034,4.0s,73,0.1s,118,0.1s,4225,4.2s,"page:0, asset:0, contentFragment:1, i18nComponentStringDict:0, assetMetaData:0, tagMetadata:0, tag:0",1,,,,6,9927,2058,11985,3514
2026-04-26,63,translationjob161,Nathalie Ai Translation Project,EN-US,es_es,rmcf-ai-translatorion-connector,MACHINE_TRANSLATION,APPROVED,21:54:18.389,21:54:18.415,21:54:18.725,21:54:22.067,21:54:22.160,21:54:22.283,310,0.3s,3678,3.7s,93,0.1s,123,0.1s,3894,3.9s,"page:0, asset:0, contentFragment:1, i18nComponentStringDict:0, assetMetaData:0, tagMetadata:0, tag:0",1,,,,6,9927,2058,11985,3514
2026-04-26,64,translationjob162,Nathalie Ai Translation Project,AR-AE,es_es,rmcf-ai-translatorion-connector,MACHINE_TRANSLATION,APPROVED,21:54:22.779,21:54:22.801,21:54:23.119,21:54:27.720,21:54:27.783,21:54:27.893,318,0.3s,4941,4.9s,63,0.1s,110,0.1s,5114,5.1s,"page:0, asset:0, contentFragment:1, i18nComponentStringDict:0, assetMetaData:0, tagMetadata:0, tag:0",1,,,,6,9927,2058,11985,3514
2026-04-26,65,translationjob163,Nathalie Ai Translation Project,FR-FR,es_es,rmcf-ai-translatorion-connector,MACHINE_TRANSLATION,APPROVED,21:54:28.443,21:54:28.465,21:54:28.764,21:54:32.878,21:54:32.948,21:54:33.063,299,0.3s,4435,4.4s,70,0.1s,115,0.1s,4620,4.6s,"page:0, asset:0, contentFragment:1, i18nComponentStringDict:0, assetMetaData:0, tagMetadata:0, tag:0",1,,,,6,9927,2058,11985,3514
2026-04-26,66,translationjob164,Nathalie Ai Translation Project,JA-JP,es_es,rmcf-ai-translatorion-connector,MACHINE_TRANSLATION,APPROVED,21:54:33.649,21:54:33.673,21:54:33.989,21:54:39.491,21:54:39.556,21:54:39.765,316,0.3s,5842,5.8s,65,0.1s,209,0.2s,6116,6.1s,"page:0, asset:0, contentFragment:1, i18nComponentStringDict:0, assetMetaData:0, tagMetadata:0, tag:0",1,,,,6,9927,2058,11985,3514
2026-04-26,67,translationjob165,Nathalie Ai Translation Project,DE-DE,es_es,rmcf-ai-translatorion-connector,MACHINE_TRANSLATION,APPROVED,21:54:41.869,21:54:41.892,21:54:42.177,21:54:46.480,21:54:46.536,21:54:46.637,285,0.3s,4611,4.6s,56,0.1s,101,0.1s,4768,4.8s,"page:0, asset:0, contentFragment:1, i18nComponentStringDict:0, assetMetaData:0, tagMetadata:0, tag:0",1,,,,6,9999,2082,12081,3522
2026-04-26,68,translationjob166,Nathalie Ai Translation Project,PT-PT,es_es,rmcf-ai-translatorion-connector,MACHINE_TRANSLATION,APPROVED,21:54:47.127,21:54:47.155,21:54:47.438,21:54:51.714,21:54:51.784,21:54:51.897,283,0.3s,4587,4.6s,70,0.1s,113,0.1s,4770,4.8s,"page:0, asset:0, contentFragment:1, i18nComponentStringDict:0, assetMetaData:0, tagMetadata:0, tag:0",1,,,,6,9999,2082,12081,3522
2026-04-26,69,translationjob167,Nathalie Ai Translation Project,EN-US,es_es,rmcf-ai-translatorion-connector,MACHINE_TRANSLATION,APPROVED,21:54:52.471,21:54:52.494,21:54:52.797,21:54:56.650,21:54:56.719,21:54:56.825,303,0.3s,4179,4.2s,69,0.1s,106,0.1s,4354,4.4s,"page:0, asset:0, contentFragment:1, i18nComponentStringDict:0, assetMetaData:0, tagMetadata:0, tag:0",1,,,,6,9999,2082,12081,3522
2026-04-26,70,translationjob168,Nathalie Ai Translation Project,AR-AE,es_es,rmcf-ai-translatorion-connector,MACHINE_TRANSLATION,APPROVED,21:54:57.377,21:54:57.397,21:54:57.676,21:55:02.273,21:55:02.340,21:55:02.440,279,0.3s,4896,4.9s,67,0.1s,100,0.1s,5063,5.1s,"page:0, asset:0, contentFragment:1, i18nComponentStringDict:0, assetMetaData:0, tagMetadata:0, tag:0",1,,,,6,9999,2082,12081,3522
2026-04-26,71,translationjob169,Nathalie Ai Translation Project,FR-FR,es_es,rmcf-ai-translatorion-connector,MACHINE_TRANSLATION,APPROVED,21:55:03.017,21:55:03.041,21:55:03.337,21:55:07.422,21:55:07.486,21:55:07.787,296,0.3s,4405,4.4s,64,0.1s,301,0.3s,4770,4.8s,"page:0, asset:0, contentFragment:1, i18nComponentStringDict:0, assetMetaData:0, tagMetadata:0, tag:0",1,,,,6,9999,2082,12081,3522
2026-04-26,72,translationjob170,Nathalie Ai Translation Project,JA-JP,es_es,rmcf-ai-translatorion-connector,MACHINE_TRANSLATION,APPROVED,21:55:08.400,21:55:08.423,21:55:08.738,21:55:13.328,21:55:13.392,21:55:13.492,315,0.3s,4928,4.9s,64,0.1s,100,0.1s,5092,5.1s,"page:0, asset:0, contentFragment:1, i18nComponentStringDict:0, assetMetaData:0, tagMetadata:0, tag:0",1,,,,6,9999,2082,12081,3522
